1,35,36,37,38,39,40,41,42,43,44,45,46,47,48,49,50,63,64,65,66,67,68,69,70,71,72,73,74,75,76,77,78,79,80,81,82,90,91,92,93,94,95,96,97,98,99,100,101,102,103,104,105,106,107,108,109,110,111,112,117,118,119,120,121,122,123,124,125,126,127,128,129,130,131,132,133,134,135,136,137,138,139,140,143,144,145,146,147,148,149,150,151,152,153,154,155,156,157,158,159,160,161,162,163,164,165,166,167,168,172,173,174,175,176,177,178,179,180,181,182,183,184,185,186,187,188,189,190,191,192,193,194,195,196,197,199,200,201,202,203,204,205,206,207,208,209,210,211,212,213,214,215,216,217,218,219,220
0.291434942,-0.000303194,-0.000303194,-0.000303194,-0.002104526,-0.008463266,-0.026733833,-0.023103474,-0.014665845,-0.018809519,-0.024867645,-0.022020851,-0.012450424,-0.005198599,-0.011998858,-0.022363963,-0.01713016,-0.005803277,-0.00808538,-0.022058063,-0.0506122,-0.070324856,-0.082196705,-0.095055553,-0.09605204,-0.104549215,-0.10198486,-0.091269992,-0.079499015,-0.07151588,-0.063706159,-0.057028839,-0.050044073,-0.035125738,-0.026077184,-0.018560777,-0.007163483,-0.006076906,-0.004077286,-0.016546065,-0.041365795,-0.075273299,-0.101766736,-0.127116119,-0.147342906,-0.162517562,-0.17586614,-0.183344842,-0.180728426,-0.165181197,-0.146110775,-0.128197393,-0.100301619,-0.0787848,-0.049894656,-0.04120543,-0.029459098,-0.01729135,-0.000610658,0.002250445,-0.011579595,-0.011616884,-0.012586396,-0.035645697,-0.061092166,-0.096315588,-0.141242473,-0.178864921,-0.208142565,-0.228468567,-0.241044186,-0.24923251,-0.264119643,-0.26088239,-0.238100616,-0.21061885,-0.176621898,-0.129561184,-0.09327644,-0.060050019,-0.036529455,-0.019235385,0.002737669,0.004166563,0.000693901,0.000435244,-0.006746512,-0.025895192,-0.041351344,-0.066272712,-0.094109971,-0.121912815,-0.172007748,-0.220015531,-0.259236252,-0.287958166,-0.294600911,-0.287766883,-0.283333196,-0.287580705,-0.289099433,-0.279601472,-0.247466334,-0.202326849,-0.144215475,-0.092811631,-0.048840501,-0.023148784,0.004156926,0.004391797,0.002553876,-0.005364922,-0.028440392,-0.046998714,-0.073504004,-0.107850726,-0.142555711,-0.203535342,-0.258184311,-0.298851107,-0.308522834,-0.282574266,-0.240572457,-0.213140102,-0.213175751,-0.243849001,-0.284133172,-0.293899238,-0.272201137,-0.220275117,-0.142764369,-0.066474864,-0.025723098,0.00289412,0.007300612,0.008041361,0.006638864,0.012302126,0.004206352,-0.012630384,-0.036613226,-0.064982298,-0.104050911,-0.154646218,-0.214165325,-0.250402112,-0.266665527,-0.236111008,-0.170953537,-0.099374103,-0.049846742,-0.051682333,-0.104372785,-0.196274119,-0.272398321,-0.308664666,-0.295204397,-0.21868025
-0.415010992,0.002825678,0.002825678,0.002825678,-0.0027184,-0.009143935,-0.020742869,-0.024167436,-0.018643671,-0.013810446,-0.011105785,-0.006990592,-5.46E-05,0.005787727,0.006851263,0.002351571,0.001092583,0.014008591,0.006119638,-0.009960025,-0.027270105,-0.032269643,-0.03022907,-0.033137916,-0.025744426,-0.01489474,0.005431116,0.027111541,0.050455793,0.061507425,0.066480496,0.067874043,0.062484383,0.047850004,0.034239973,0.021257471,0.005241795,0.0098746,0.008049272,0.012799527,0.01536613,0.012335825,0.025242517,0.042705947,0.056454162,0.081166561,0.10177353,0.127088628,0.156001899,0.173702407,0.17765346,0.174086389,0.158590948,0.134743797,0.091411696,0.074229931,0.050647101,0.030045286,0.01659553,0.011000971,-0.009752348,0.002536024,0.015145362,0.036661349,0.056364003,0.081520978,0.114264669,0.141442851,0.175347015,0.220881851,0.278141055,0.338861318,0.386375862,0.413379913,0.416784476,0.379958012,0.323246473,0.258934192,0.194805849,0.134328303,0.0906074,0.050833839,0.028629153,0.012738538,0.018813363,0.016794557,-0.019263097,-0.026170982,-0.022165703,0.0022486,0.031887584,0.062496227,0.098128887,0.131877941,0.174261692,0.237444973,0.314504991,0.397121376,0.466941836,0.505340919,0.504635807,0.45028324,0.373664969,0.286325852,0.207966074,0.148320187,0.093049553,0.064582573,0.038676127,0.018761404,-0.020729594,-0.020628536,-0.050905535,-0.062082975,-0.055175618,-0.048847268,-0.029550295,-0.008093045,0.011887668,0.050385529,0.114407824,0.187245676,0.271436611,0.351175539,0.396118906,0.407874097,0.374037601,0.310503343,0.241439473,0.176498506,0.134207616,0.089494292,0.065136441,0.038262751,0.018027677,0.001605433,-0.043093683,-0.080023313,-0.103477734,-0.139499371,-0.164856285,-0.198814603,-0.21420714,-0.223918563,-0.222265658,-0.21644915,-0.183176035,-0.121074864,-0.049587012,0.020844542,0.077020935,0.108690593,0.135541469,0.150584463,0.140555496,0.122923029,0.115736202,0.091980606
0.14734876,0.002515159,0.002515159,0.002515159,-0.00803549,-0.020277765,-0.030461766,-0.030384829,-0.019166336,-0.011595786,-0.009735446,-0.004946729,-0.000913551,0.001337467,0.000613836,0.005824607,0.005840552,-0.02564803,-0.02819872,-0.043894672,-0.066436761,-0.085594376,-0.097987981,-0.099674419,-0.095175025,-0.08332253,-0.051275428,-0.020725678,0.008933539,0.021527103,0.027166502,0.029842613,0.026301207,0.022672285,0.020723788,0.014313296,-0.000882004,0.006632001,-0.032577481,-0.07627157,-0.121184399,-0.162440335,-0.201292353,-0.22123105,-0.228900793,-0.221205292,-0.19685914,-0.146652426,-0.090710999,-0.031909381,0.010333366,0.033888116,0.044783115,0.054261787,0.052468636,0.047943188,0.035227267,0.018682556,0.008504122,0.009085295,-0.018509712,-0.032142357,-0.071559776,-0.168450669,-0.254391255,-0.325539545,-0.392031261,-0.427960812,-0.445994962,-0.44045051,-0.402077639,-0.335268489,-0.238951233,-0.134396145,-0.028178741,0.058376044,0.11303228,0.136080747,0.139279597,0.124837855,0.098166941,0.066126961,0.033954813,0.023288154,-0.000422168,-0.00172642,-0.058399237,-0.130520379,-0.203599101,-0.313270313,-0.410567986,-0.48936703,-0.556624431,-0.585889205,-0.588243366,-0.551893027,-0.484107964,-0.39545988,-0.289252328,-0.178875061,-0.050735771,0.07854545,0.186453805,0.246443407,0.254256352,0.237407064,0.194073046,0.144451981,0.096247815,0.056766879,-0.031179012,-0.088261705,-0.19694887,-0.287582964,-0.385600749,-0.47522063,-0.548223039,-0.589391921,-0.581307908,-0.516635473,-0.422348228,-0.320336385,-0.236737678,-0.162670741,-0.097690742,-0.011470929,0.108114697,0.2467878,0.33857553,0.370951152,0.342270931,0.278206695,0.208412249,0.134290929,0.070245506,0.02820273,-0.017076517,-0.041508962,-0.102727426,-0.216021003,-0.298934396,-0.37351313,-0.446982941,-0.489108946,-0.476216772,-0.382026567,-0.225422497,-0.055508159,0.06449606,0.106106948,0.082658576,0.038447317,0.052155371,0.147960225,0.295905031,0.420984277,0.461211491,0.431022055
-0.056498777,0.032328169,0.032328169,0.032328169,0.038409234,0.049620651,0.067042961,0.095130952,0.095927782,0.092572164,0.097350639,0.087483214,0.06915448,0.051538659,0.054531266,0.045050776,0.037582345,0.043149619,0.055163634,0.069680548,0.09561047,0.137791784,0.1922748,0.238340183,0.267874668,0.29373624,0.297809195,0.289950097,0.266174209,0.232309481,0.196366022,0.156174656,0.123233258,0.08000123,0.052313297,0.034419556,0.019270372,0.004063273,0.021284459,0.052170199,0.095412248,0.149467358,0.208319584,0.263343446,0.315581842,0.356868348,0.384050918,0.386911152,0.373513257,0.332775137,0.280191602,0.228709414,0.174300164,0.136309434,0.084286826,0.051225517,0.028610754,0.017513684,0.013512162,0.006110652,-0.009838772,-0.014097767,-0.000655223,0.04624042,0.071514589,0.094210407,0.123176647,0.149977729,0.167808856,0.180082376,0.177464133,0.180725998,0.164560502,0.133011801,0.097961678,0.052889782,0.016064344,-0.01186055,-0.036423916,-0.040060589,-0.0269716,-0.00934623,-0.003971387,0.002829477,-0.019294674,-0.01928362,-0.028100447,-0.049484411,-0.059982888,-0.042006797,-0.034990042,-0.038001893,-0.044378765,-0.05704767,-0.067911621,-0.08284661,-0.100452601,-0.108362866,-0.129788616,-0.162872499,-0.195488252,-0.211225045,-0.210508911,-0.199934086,-0.189579843,-0.165263002,-0.130559607,-0.086803113,-0.041567413,-0.018969625,-0.004839594,-0.044073392,-0.07910958,-0.109893108,-0.111079971,-0.126805092,-0.163969529,-0.195709293,-0.213038208,-0.235323258,-0.267686836,-0.282856473,-0.296761325,-0.320001276,-0.348946994,-0.366113142,-0.367183932,-0.339677341,-0.30365194,-0.266410109,-0.221834435,-0.171319327,-0.123090392,-0.069839052,-0.038074229,-0.001068693,-0.019983062,-0.031002051,-0.067680629,-0.114486886,-0.141881527,-0.14850012,-0.174978979,-0.209180345,-0.246498635,-0.266269682,-0.287797435,-0.300012843,-0.29698931,-0.300616299,-0.31323416,-0.351177687,-0.376988802,-0.386494715,-0.360984562,-0.315300098,-0.265443208,-0.209336202
0.374469219,0.006286568,0.006286568,0.006286568,0.011226062,0.013965786,0.00141493,0.009089668,0.023111995,0.040660218,0.048644363,0.045632223,0.032890478,0.02355082,0.02554902,0.02055626,0.02009489,-0.013803718,-0.02128896,-0.037500902,-0.042917876,-0.025161639,0.003412693,0.030055758,0.075527213,0.143533194,0.207859607,0.245760088,0.238732464,0.208171696,0.168492142,0.125380746,0.100431514,0.066305235,0.048650921,0.038859473,0.019233283,0.002864463,-0.02135828,-0.038928267,-0.054258604,-0.056868715,-0.03209172,0.000529887,0.039169224,0.111356033,0.20183973,0.268491971,0.311705378,0.312555666,0.270361925,0.21989029,0.164121326,0.123841864,0.07480357,0.049295402,0.018626213,0.001914274,0.00367834,0.003572324,-0.002244697,-0.010838501,-0.029195817,-0.041817249,-0.05616176,-0.060525543,-0.043472089,-0.010444345,0.042686851,0.110836912,0.174335937,0.207968452,0.226412771,0.219178595,0.179377828,0.122718952,0.086144962,0.05209033,0.030027944,0.018611116,0.010083413,0.004383729,0.004589999,-0.001210029,0.000658348,-0.000120238,-0.014758342,-0.044282738,-0.060886309,-0.07946148,-0.088128929,-0.073971103,-0.049769321,-0.000593611,0.074796195,0.155192485,0.197952136,0.197099129,0.180184372,0.161708647,0.121133307,0.082826903,0.047645207,0.011765452,0.000769392,-0.00503775,0.001653501,0.010166267,0.008662794,0.007951247,-0.003780942,-0.028149117,-0.068241483,-0.085528474,-0.102221117,-0.113892326,-0.093923902,-0.049671246,0.035551998,0.152597787,0.248557738,0.273638912,0.230771087,0.1706137,0.12236575,0.080699499,0.053373256,0.022755701,-0.020602306,-0.049146775,-0.050558942,-0.035248773,-0.011889812,-0.00216081,0.006160934,-0.007030821,-2.17E-05,-0.00694236,-0.038110536,-0.077866767,-0.10977182,-0.137905461,-0.149586109,-0.119175931,-0.026476255,0.103621854,0.257586682,0.330881885,0.295819383,0.175514949,0.05881641,0.006378823,-0.004882792,-0.003822076,-0.015987792,-0.069297291,-0.120482939,-0.135722155
-0.139559253,-0.006496267,-0.006496267,-0.006496267,-0.011557662,-0.013636379,-0.004863376,-0.001853815,0.008369226,0.019452274,0.019012256,0.016528602,0.014783178,0.014187257,0.019387085,0.018846653,0.015205655,-0.025507368,-0.024061577,-0.031075245,-0.0356657,-0.041222399,-0.035375234,-0.008901379,0.009889454,0.033061126,0.056581066,0.065772038,0.071491864,0.07916964,0.075887599,0.065208858,0.05755874,0.040447221,0.023697082,0.019961305,0.014298031,0.011203977,-0.001269496,-0.032084934,-0.0635383,-0.083838155,-0.090115226,-0.097134327,-0.083878318,-0.057985367,-0.033997054,-0.009292481,0.015597785,0.039967255,0.051809002,0.055160446,0.051493208,0.039357199,0.0335748,0.034009497,0.028738057,0.014578906,0.009369039,0.004871349,-0.010276662,0.012938604,0.006779639,-0.064058246,-0.090386385,-0.104760422,-0.107211602,-0.096865946,-0.064132297,-0.023469686,0.021945302,0.049985301,0.056157018,0.036820073,0.005150735,-0.019653697,-0.02974274,-0.043773495,-0.037093201,-0.004535347,0.01428092,0.011003099,0.013789081,0.006850715,-0.016543599,-0.018408307,-0.032427668,-0.060467748,-0.073394964,-0.121448066,-0.141001288,-0.140413987,-0.120107911,-0.087238263,-0.03902301,0.018169119,0.084097587,0.121769874,0.111319617,0.046492098,-0.030360125,-0.090687484,-0.122185846,-0.113027004,-0.082844323,-0.033616808,-0.000429846,0.012245612,-0.001280784,-0.004728935,-0.020801135,-0.036604122,-0.091638421,-0.120222852,-0.16966457,-0.186303989,-0.172876816,-0.144736137,-0.095052609,-0.038528135,0.03057652,0.093325921,0.127152658,0.091957664,-0.006875647,-0.112308889,-0.189603091,-0.225454963,-0.208196445,-0.148082188,-0.077688591,-0.02400387,0.004552112,-0.002265246,-0.001039464,-0.001660876,-0.005319934,-0.015559097,-0.051960989,-0.099788285,-0.163330397,-0.223083121,-0.232699058,-0.213011959,-0.162680711,-0.10357287,-0.039567546,0.01867187,0.07265401,0.101888489,0.0513526,-0.075591628,-0.21051035,-0.311545039,-0.344020644,-0.305943637,-0.218105086,-0.115274581
0.115326783,-0.022932597,-0.022932597,-0.022932597,-0.016202347,-0.001177714,0.030582609,0.02574356,0.017015027,0.009210749,0.003157053,-0.004783158,-0.009205824,-0.015012486,-0.012788834,-0.003594709,-0.002609963,0.009385203,0.004471553,0.023791621,0.048634795,0.06786691,0.090535061,0.103334595,0.095573785,0.07702507,0.04495799,0.00741969,-0.037748338,-0.061460543,-0.084060989,-0.099023184,-0.097181186,-0.084255446,-0.065245375,-0.046039776,-0.014408868,-0.011956973,0.003949295,0.024267803,0.052578842,0.084962385,0.107002303,0.125798579,0.126787759,0.106038705,0.073072543,0.019357294,-0.046102482,-0.114580597,-0.166350348,-0.20007178,-0.204653698,-0.189585545,-0.146498056,-0.119415322,-0.084555246,-0.04689359,-0.023489484,-0.019841052,-0.029366581,-0.023013219,-0.004540169,0.03200544,0.064879033,0.091912241,0.114450443,0.131609025,0.128731882,0.109793755,0.077571631,0.03166214,-0.043098539,-0.139742848,-0.23291358,-0.293019714,-0.306428549,-0.286226519,-0.23875388,-0.177314834,-0.124727315,-0.075333893,-0.034117951,-0.010445348,-0.017077013,-0.020454814,-0.050430502,-0.064153111,-0.046696631,-0.014624094,0.031402605,0.077535743,0.125949959,0.154297195,0.165108581,0.157215331,0.135613022,0.094136235,0.027840531,-0.05440242,-0.140667724,-0.218799107,-0.271747127,-0.285844108,-0.23547892,-0.173675351,-0.10523647,-0.044449037,0.002585495,0.016177195,-0.038948639,-0.048670084,-0.075786073,-0.071257862,-0.036011149,0.021772564,0.094603197,0.164280056,0.214968707,0.230293294,0.220283845,0.193800288,0.162145161,0.124514848,0.084964546,0.029483736,-0.055206255,-0.140783893,-0.188906836,-0.180151085,-0.125467984,-0.060566125,-0.005967621,0.032691296,0.039168037,0.025421332,-0.058735794,-0.101281384,-0.119426767,-0.132607911,-0.115286155,-0.079790237,0.010873973,0.11909403,0.213496278,0.276189629,0.289670314,0.271570277,0.229121798,0.195232882,0.194751029,0.208110728,0.192586226,0.13414842,0.038019247,-0.046819049,-0.081446319,-0.04333534
-0.025844064,0.005338424,0.005338424,0.005338424,0.005104363,0.002648226,-0.001909275,-0.003727786,-0.003082754,0.001565672,-0.000569932,0.003430193,0.005969769,0.009897509,0.008177617,0.008379932,0.006366282,0.023200774,0.027818003,0.027335622,0.029695771,0.018404912,0.008931392,0.004812684,0.000869333,0.015966629,0.038787324,0.062607062,0.086649609,0.096190664,0.09172102,0.072494415,0.054534941,0.027852007,0.016099884,0.010064651,0.001697833,0.01367489,0.031826827,0.053605403,0.074915226,0.086655303,0.093625428,0.088143253,0.078728984,0.077465316,0.084387106,0.090702991,0.104442615,0.120172883,0.113453815,0.093870152,0.072776554,0.045921333,0.012366212,0.004784284,-0.007299373,-0.013236679,-0.009772365,-0.006296649,0.019094003,0.042325042,0.068956291,0.118147158,0.160129045,0.18141312,0.188311005,0.179069451,0.170297215,0.164493706,0.163084919,0.156872401,0.148425796,0.120218494,0.069383575,0.004052989,-0.046314012,-0.092503497,-0.103327615,-0.092002398,-0.076028529,-0.06269554,-0.039889116,-0.034547448,0.024679152,0.026139937,0.034236439,0.090898557,0.140577323,0.195020989,0.211268266,0.19432556,0.163133105,0.114805922,0.081792017,0.075769135,0.081183495,0.086914512,0.066979382,0.007451863,-0.07203294,-0.14681572,-0.202399526,-0.230902269,-0.22655139,-0.196848404,-0.161940262,-0.123615944,-0.081496247,-0.055108195,0.022884296,0.077404587,0.139792292,0.185360516,0.212311958,0.193164875,0.129480796,0.04671704,-0.031658322,-0.076308806,-0.079114863,-0.041743138,-0.001099033,-0.005581934,-0.058893891,-0.140232519,-0.212135463,-0.259518429,-0.26899075,-0.254272842,-0.225022962,-0.189169149,-0.143229084,-0.098212518,-0.058816947,-0.010607876,0.051481467,0.092102695,0.160890936,0.224631615,0.261190036,0.259484349,0.187443477,0.063888342,-0.063356721,-0.140418393,-0.140388418,-0.085346299,0.025848471,0.106395248,0.125473507,0.060946607,-0.027447147,-0.108832707,-0.161017173,-0.191483192,-0.195390749,-0.184557178
0.110030948,0.000556382,0.000556382,0.000556382,0.003685102,0.004251226,-0.00901142,-0.028728206,-0.035894268,-0.038443285,-0.035101894,-0.02775717,-0.011765564,0.008178281,0.015252315,0.015456315,0.012027165,0.000802171,0.004120056,0.007585675,0.024386847,0.009754409,-0.027917194,-0.065618059,-0.083540452,-0.081499306,-0.049106815,-0.004845981,0.046831426,0.089066776,0.105628487,0.108067897,0.101424284,0.084163889,0.067334959,0.04753535,0.015552542,0.007888182,0.017532697,0.027811552,0.029553126,0.028083384,-0.001911279,-0.05001304,-0.103858134,-0.134550268,-0.134349553,-0.1050133,-0.052638101,0.004772646,0.044812278,0.073878835,0.094549853,0.114629076,0.104270888,0.091734457,0.069055826,0.039675993,0.023713921,0.019511774,0.048521435,0.055654089,0.060745087,0.07695012,0.084479703,0.064202698,0.006747767,-0.063024761,-0.137432716,-0.196865175,-0.221931074,-0.208255675,-0.172799726,-0.136381841,-0.097561302,-0.06142576,-0.020018879,0.017614512,0.051922796,0.084786382,0.096179579,0.082336269,0.05491316,0.049479154,-0.035712494,-0.033160664,0.07775779,0.158748298,0.191616658,0.206177897,0.183345362,0.126608831,0.038608296,-0.066100637,-0.16102001,-0.20551967,-0.204703498,-0.173232237,-0.136917695,-0.116815441,-0.117339309,-0.111681009,-0.086104047,-0.024499897,0.063977495,0.123625088,0.160534095,0.164798692,0.139941744,0.098093251,0.045284682,0.106388799,0.218377007,0.260423957,0.258686935,0.202072174,0.112576919,-0.004563548,-0.116884266,-0.1873334,-0.180893801,-0.120639694,-0.043778695,0.019216611,0.01304288,-0.040003387,-0.086808266,-0.084983781,-0.024559143,0.086159825,0.186292922,0.249908432,0.252339978,0.200676803,0.122695638,0.055883327,0.002337224,0.032501581,0.106877267,0.214068057,0.252490482,0.227744948,0.151308941,0.030257164,-0.097881953,-0.203622262,-0.217017923,-0.123453848,0.023864752,0.157597735,0.20675121,0.147297909,0.028523283,-0.075360249,-0.091976055,-0.014997185,0.111942663,0.238390261
-0.026843228,0.014718458,0.014718458,0.014718458,0.02510166,0.033553256,0.034651003,0.062961385,0.063248355,0.058659585,0.047259728,0.035835282,0.019229503,0.001556862,-0.009503361,-0.027961122,-0.020549697,0.00581841,0.018006736,0.030757341,0.04102301,0.056346033,0.082538884,0.112321278,0.116241614,0.118263165,0.091384825,0.047987782,-0.017584718,-0.069818896,-0.101913162,-0.114912515,-0.107772254,-0.085325276,-0.068673681,-0.04169136,-0.013146788,0.005226719,0.030339733,0.053348653,0.074239371,0.092377842,0.125026023,0.142372593,0.153511322,0.149910503,0.136711187,0.08338259,0.009638222,-0.063077368,-0.132132975,-0.172430831,-0.173190531,-0.157088608,-0.110221237,-0.074236043,-0.0415626,-0.021626775,-0.004700867,7.24E-05,0.028338234,0.043941666,0.078371405,0.122915417,0.175295517,0.203207704,0.228750205,0.238736934,0.237998506,0.226323454,0.170602345,0.071069308,-0.029168091,-0.111875637,-0.175546573,-0.191750987,-0.172516823,-0.127115392,-0.068152287,-0.019171929,0.02155867,0.036388072,0.028326548,0.034696395,-0.00733604,-0.006217213,0.043019671,0.103759461,0.159272447,0.219776061,0.254120253,0.263185395,0.266084021,0.257401022,0.241315794,0.197007426,0.116896676,0.018530391,-0.075922464,-0.144946959,-0.17748882,-0.157691599,-0.102712498,-0.024609532,0.049263347,0.109605887,0.135970527,0.125149104,0.101790546,0.067941197,0.014304972,0.06374085,0.133293886,0.180058325,0.215031174,0.2227941,0.209908679,0.18999493,0.16856426,0.121587388,0.051736365,-0.040480823,-0.131651676,-0.196615729,-0.223400357,-0.194268446,-0.126030814,-0.040528506,0.048835669,0.123536353,0.168992958,0.195550045,0.178581891,0.140446444,0.081188128,0.036086413,-0.034083197,-0.036984608,0.01238631,0.068979005,0.102418296,0.104050859,0.088294833,0.074023634,0.053716545,0.014465123,-0.051048427,-0.136417364,-0.222481085,-0.277529398,-0.30617381,-0.308176295,-0.250076669,-0.143364841,-0.015593803,0.089468981,0.156929667,0.201104703
0.033374855,-0.002399224,-0.002399224,-0.002399224,0.020467747,0.045964721,0.066590391,0.057677714,0.033723761,-0.0015914,-0.023852369,-0.030317895,-0.033832237,-0.034575447,-0.036436457,-0.024728505,-0.021018097,0.060339629,0.063760901,0.095410139,0.143395092,0.175824068,0.176743491,0.146911072,0.08767306,0.016858162,-0.055124315,-0.098990162,-0.122558818,-0.123987444,-0.104864643,-0.072395693,-0.050847485,-0.015274261,0.003804652,0.001126204,-0.011057732,0.004785748,0.06945137,0.123094554,0.194844462,0.266649932,0.295215623,0.284013849,0.240580154,0.16022291,0.066539878,-0.019239852,-0.087978409,-0.126530592,-0.127992922,-0.0993711,-0.056986479,-0.011940494,0.031230382,0.049576281,0.050215072,0.040931538,0.025242984,0.019030328,0.021902922,0.031597963,0.086334356,0.200114368,0.287906306,0.344950307,0.348219794,0.311213501,0.244180144,0.140511074,0.029024577,-0.071613526,-0.152208065,-0.186788757,-0.16767973,-0.106894411,-0.029965396,0.054287642,0.122776433,0.137552749,0.121438052,0.09120415,0.061718317,0.035039461,0.021298429,0.019729126,0.011365908,0.071557174,0.131967912,0.21677747,0.290013541,0.316687267,0.290920337,0.227364351,0.1240945,0.009093277,-0.084945423,-0.156634878,-0.205783513,-0.217390992,-0.185751557,-0.104930015,-0.008743304,0.098484208,0.17450464,0.200620679,0.186246964,0.149891552,0.095844572,0.057258304,-0.001214303,0.015957128,0.064427652,0.106705434,0.175394224,0.219192703,0.210977282,0.15319924,0.056502255,-0.06229237,-0.135517582,-0.154631446,-0.151454747,-0.152449324,-0.153475126,-0.144385412,-0.097670431,-0.011025481,0.09092038,0.189076282,0.233503809,0.229505909,0.190003385,0.116470494,0.060100154,0.00920377,-0.007990986,-0.008966638,-0.002480987,0.018512693,0.054908196,0.087077675,0.11453652,0.087784277,0.003517998,-0.09680632,-0.17777615,-0.186641061,-0.133740726,-0.06194285,-0.030039042,-0.035092167,-0.05851954,-0.078173943,-0.05011008,0.035928539,0.138556393,0.209841144
-0.096349334,-0.003884785,-0.003884785,-0.003884785,-0.01613804,-0.037447388,-0.068875264,-0.087862571,-0.083384635,-0.066809924,-0.05081498,-0.029867668,-0.008573483,0.007020561,0.009935999,0.018955576,0.012074549,-0.034104647,-0.032282889,-0.039643598,-0.081470238,-0.126401175,-0.176025505,-0.215494073,-0.213650102,-0.188173853,-0.140777896,-0.08450309,-0.011595324,0.031840279,0.061243707,0.072980497,0.072853027,0.062043969,0.047600954,0.035009309,0.019523503,0.001312735,-0.018252169,-0.02559384,-0.053629487,-0.100531421,-0.151426304,-0.19655937,-0.228416456,-0.225794179,-0.192812939,-0.134542004,-0.056109567,0.021061973,0.084166826,0.117939244,0.120697751,0.111847012,0.08806945,0.067553681,0.04782277,0.021647973,0.001650026,0.00277618,0.028472495,0.026687457,0.018939614,0.011677217,-0.010051681,-0.051015188,-0.092491491,-0.128946201,-0.150161478,-0.134368592,-0.087106744,-0.020614582,0.041151941,0.084942127,0.106805642,0.114925948,0.107716963,0.084986193,0.058755716,0.033555661,0.026649724,0.016769262,-0.008195629,-0.021621783,-0.031711989,-0.032150071,0.029221477,0.092531684,0.102763482,0.104589388,0.075562418,0.022699496,-0.029700791,-0.068152098,-0.082058702,-0.054378848,0.00660615,0.079900611,0.12186619,0.12340544,0.09597816,0.077766465,0.068117481,0.061144569,0.031315938,0.009216657,-8.86E-05,-0.011961262,-0.038111131,-0.037109412,-0.00669972,0.032080633,0.107442026,0.124092254,0.130608406,0.10251274,0.044215703,-0.011933674,-0.051500554,-0.050687127,-0.002657361,0.091821536,0.187518148,0.222545409,0.185862401,0.112425494,0.068449492,0.048582323,0.03428935,0.010831001,-0.029904006,-0.057798001,-0.069483718,-0.070790312,-0.05440429,-0.036176092,-0.106389235,-0.129855163,-0.078070081,-0.00623332,0.040601517,0.055449808,0.047987315,0.012005465,-0.041635126,-0.060808996,-0.033386927,0.041774554,0.155726527,0.242758599,0.253176487,0.19014332,0.105717267,0.057344206,0.038940961,0.021181676,-0.019192679,-0.088513258
0.0682245,-0.016341317,-0.016341317,-0.016341317,-0.004228269,0.013892735,0.033065096,0.044947814,0.056219122,0.059579425,0.062572951,0.052818531,0.033776334,0.014583975,0.01555484,0.008235574,0.009259703,-0.01566275,-0.018510635,-0.020258931,0.001247831,0.029715007,0.05501353,0.078498214,0.10817347,0.140104131,0.162406007,0.162122849,0.123212398,0.081273713,0.038291701,-0.012900705,-0.048841328,-0.071622563,-0.059186314,-0.047881863,-0.020062799,-0.000298334,-0.007516732,-0.033321665,-0.057267027,-0.054129617,-0.029852152,-0.019311285,0.004608728,0.033116056,0.061654584,0.080721819,0.075897069,0.050217708,0.016459491,-0.025950562,-0.074190548,-0.117450492,-0.131160718,-0.134229548,-0.116269914,-0.084400981,-0.056296982,-0.041944729,0.013233397,0.018737458,0.000727053,-0.052946465,-0.073681013,-0.078016219,-0.069885985,-0.066454145,-0.045971636,-0.029163073,-0.021837801,-0.02249302,-0.051603735,-0.095362867,-0.127935562,-0.1455364,-0.150883522,-0.158537196,-0.147265853,-0.156882456,-0.158995592,-0.138491556,-0.088929403,-0.053174781,0.069931376,0.069510628,0.017139902,0.069959698,0.059892554,0.002806338,-0.027984614,-0.031600113,-0.022985317,0.002913969,0.03054052,0.047135322,0.05573755,0.038547844,-0.016085204,-0.09706627,-0.16721969,-0.186229838,-0.151047347,-0.114503606,-0.093239124,-0.097038475,-0.113138617,-0.125725315,-0.110054484,-0.072465252,0.022110947,0.038142888,0.073007908,0.068671274,0.041462229,0.035413774,0.048858762,0.072859262,0.110034973,0.14393988,0.170335865,0.192340703,0.171035885,0.09060842,-0.032227883,-0.150885518,-0.194673116,-0.145918659,-0.06170569,-0.010599975,-0.026486204,-0.079062748,-0.106494225,-0.106081248,-0.07279284,-0.018311176,-0.035936091,-0.031667061,-0.001322433,0.033260957,0.038375291,0.036528018,0.051996083,0.08531178,0.121677023,0.156942386,0.188074439,0.214659524,0.228299409,0.214351113,0.139074636,-0.00274451,-0.150027788,-0.222109369,-0.175345728,-0.048016703,0.046363128,0.050137896
-0.057861391,-0.001264953,-0.001264953,-0.001264953,0.014756805,0.031038,0.03939555,0.043789366,0.02252568,-0.005978639,-0.021946357,-0.03406949,-0.03881531,-0.035395568,-0.03930007,-0.037487994,-0.028233204,0.032316947,0.031030437,0.040024006,0.078765456,0.102178524,0.10584605,0.091654992,0.050152914,-0.013454911,-0.073836357,-0.107286634,-0.122227133,-0.11386445,-0.091874145,-0.05716969,-0.044114198,-0.02878035,-0.016640608,-0.012695989,-0.02695445,0.002873323,0.038411335,0.057311461,0.086061651,0.11171801,0.140860295,0.148577944,0.134248062,0.084303776,0.00896327,-0.067571062,-0.118564878,-0.133112761,-0.129171045,-0.110187858,-0.078993748,-0.05033064,-0.021768682,-0.029512997,-0.027763024,-0.023342151,-0.015840206,-0.012802329,0.020607967,0.019567621,0.040961457,0.072864016,0.117210836,0.155479815,0.187416876,0.195429606,0.172640726,0.106932217,0.035272382,-0.025989583,-0.047707669,-0.037107313,-0.017220095,-0.019108589,-0.03132864,-0.049539006,-0.068165679,-0.062884613,-0.071946576,-0.062972404,-0.040108594,-0.029868292,0.018456204,0.017560837,-0.010406767,-0.005667142,0.022283923,0.063975673,0.112943814,0.149587314,0.164267006,0.144605731,0.092647121,0.009406399,-0.069864319,-0.097398927,-0.063391198,-0.005682837,0.046413823,0.050100578,-0.004208148,-0.071902201,-0.127040641,-0.161946752,-0.166932852,-0.162904918,-0.118103759,-0.080002425,-0.022675168,-0.040233044,-0.040942088,-0.020281164,0.010955716,0.043522944,0.066186213,0.060918003,0.005135319,-0.082154846,-0.188779124,-0.263457082,-0.245256074,-0.145689923,-0.006129815,0.090024861,0.101281248,0.035849439,-0.06603946,-0.148948055,-0.211269289,-0.222892373,-0.204239036,-0.153146746,-0.100129378,-0.027085147,-0.085834357,-0.110555823,-0.12132259,-0.117715483,-0.117023936,-0.096404931,-0.070366374,-0.054335335,-0.08068255,-0.159403542,-0.261959267,-0.349880243,-0.376146522,-0.301588321,-0.147633908,0.037281087,0.162862264,0.19480431,0.120775286,-0.008329376,-0.117663144,-0.195586902
0.038698779,-0.018502302,-0.018502302,-0.018502302,-0.016070671,-0.00712053,0.008732122,0.016614358,0.025237721,0.022923351,0.021553954,0.011783583,-0.001470848,-0.015325761,-0.021045616,-0.03125869,-0.023505207,-0.018155476,-0.022284913,-0.021842844,0.001497306,0.021634521,0.045686275,0.065215683,0.0900302,0.106658856,0.104241695,0.087155793,0.038658122,-0.012321624,-0.057974962,-0.089781279,-0.098930036,-0.089210401,-0.067822897,-0.048870312,-0.025070058,-0.006871038,-0.021158916,-0.030331279,-0.02841556,-0.011332338,0.015443979,0.051532803,0.084601744,0.115831898,0.134862396,0.128792313,0.094645343,0.039283563,-0.019947201,-0.060946406,-0.092900252,-0.105650469,-0.071782407,-0.047751747,-0.022252741,-0.005958073,0.008466565,0.007736908,-0.032023663,-0.045180387,-0.052423624,-0.064655122,-0.064182515,-0.049257775,-0.007723512,0.032488125,0.072487829,0.119389708,0.151609691,0.154334392,0.119147351,0.055998705,0.000490034,-0.026504164,-0.024714761,-0.00160361,0.035271938,0.062970896,0.065859715,0.05804119,0.045949628,0.037711716,-0.017308257,-0.017303843,-0.033620102,-0.07425293,-0.098028538,-0.102044957,-0.095150139,-0.075491163,-0.026680204,0.022468304,0.069516062,0.11343338,0.149247454,0.15507984,0.126589894,0.066426124,0.02834826,0.03632695,0.069068944,0.108315664,0.142021646,0.158031294,0.164004148,0.144798202,0.1173227,0.0872305,-0.023404286,-0.060099151,-0.096164352,-0.093086002,-0.096998098,-0.088863467,-0.060154883,-0.013035669,0.035024891,0.066219962,0.08755289,0.092508409,0.066555058,0.020948479,-0.029459452,-0.036396513,0.008249787,0.084140792,0.142883391,0.18446694,0.192645832,0.193338589,0.171315481,0.13808936,0.100387233,0.024550101,-0.042124268,-0.051693247,-0.053531755,-0.065910565,-0.048697667,-0.034249487,-0.034000463,-0.015162786,0.004683203,0.022295818,0.023312255,0.002952691,-0.027712512,-0.087128641,-0.152380319,-0.201191493,-0.184507125,-0.091529388,0.030559873,0.123776739,0.163963041,0.159430347
-0.032007031,-0.070916197,-0.070916197,-0.070916197,-0.08159966,-0.091964427,-0.081732056,-0.073283605,-0.034123143,-0.008759433,-0.005089975,-0.002502337,-0.019526164,-0.034369905,-0.045455582,-0.047647857,-0.036765941,-0.073191629,-0.102284013,-0.119279549,-0.144789715,-0.144153462,-0.118623844,-0.085245116,-0.041242714,-0.01351539,0.006240927,0.003456505,-0.034041114,-0.082374886,-0.127662206,-0.168150446,-0.180533657,-0.170142902,-0.136886058,-0.103084626,-0.047680208,-0.018908301,-0.067072063,-0.088021525,-0.103998174,-0.097335451,-0.075672471,-0.015681046,0.025745857,0.076185721,0.110722227,0.113351076,0.08360858,0.022209398,-0.062631485,-0.148341846,-0.211758789,-0.259339697,-0.246911821,-0.213217871,-0.162692901,-0.098054862,-0.057816373,-0.037537108,-0.049036422,-0.068161703,-0.089179605,-0.071820988,-0.055993061,-0.036533428,0.021828014,0.08716842,0.153327605,0.216796369,0.247515063,0.239761946,0.189337392,0.100049371,-0.02511706,-0.147461364,-0.246064371,-0.301635172,-0.2979911,-0.252437722,-0.197716413,-0.127798263,-0.065727812,-0.012172335,-0.020392283,-0.023997433,-0.088303019,-0.151540467,-0.183119322,-0.154018004,-0.101590734,-0.044147176,0.027839083,0.100159985,0.160356921,0.206200983,0.217742812,0.199580211,0.143076193,0.062438431,-0.042030117,-0.155026213,-0.250688875,-0.3005479,-0.288930304,-0.23210933,-0.166010056,-0.085365077,-0.004763618,0.027995315,-0.041318201,-0.109850576,-0.190376876,-0.214958115,-0.185272314,-0.134973003,-0.06544534,0.007551097,0.072879462,0.12570124,0.149254718,0.135459128,0.102742022,0.051376512,0.010182421,-0.04506579,-0.11908291,-0.194036148,-0.223669798,-0.197279924,-0.127648546,-0.042864335,0.022911775,0.074166325,0.072379373,0.057583251,-0.019987458,-0.060063293,-0.141647603,-0.208561643,-0.226769123,-0.200439365,-0.159695061,-0.08570127,-0.012323973,0.049831346,0.085536625,0.074451352,0.047603683,0.02152732,0.008922406,0.022576865,0.017944797,-0.028378124,-0.083390093,-0.100038697,-0.051172124,0.047369464
0.093414547,0.006365033,0.006365033,0.006365033,0.013718943,0.02428816,0.044686868,0.054594404,0.045990194,0.023198269,0.002666093,-0.004554987,-0.010711981,-0.007413768,-0.007331758,0.002651684,0.000251078,-0.008212872,-0.015251717,-0.01136299,0.005088609,0.040027654,0.088832703,0.11006854,0.097371425,0.062268902,0.00761071,-0.029595685,-0.038014945,-0.014873587,0.027332791,0.066722532,0.095310314,0.11377788,0.098132891,0.078172195,0.033792054,0.002544919,-0.022652269,-0.038511193,-0.020367532,0.03224703,0.076662464,0.119653885,0.137713344,0.116816521,0.072360957,0.020030263,-0.019502642,-0.0253743,0.005188296,0.06813109,0.128327371,0.177653836,0.201646371,0.217797335,0.184221773,0.121924538,0.081141262,0.060045159,-0.049817797,-0.064486476,-0.077172424,-0.078138082,-0.051312508,-0.008922527,0.046733358,0.09198938,0.107962144,0.086649436,0.044680156,0.008275833,-0.00758866,-0.001620806,0.026573954,0.081269727,0.144258987,0.211880435,0.269355933,0.299367237,0.283630306,0.220995389,0.132221537,0.05926074,0.018413298,0.013296163,-0.110614037,-0.201889062,-0.237648473,-0.221496238,-0.151745857,-0.057454678,0.022198856,0.063868483,0.054144101,0.012514295,-0.037469247,-0.064457719,-0.053724678,-0.026997906,0.001377567,0.029461717,0.081053288,0.150852012,0.235276263,0.297938624,0.307229081,0.25915903,0.142966304,0.066501428,-0.069757548,-0.171563097,-0.286378511,-0.306603586,-0.254914021,-0.139197166,-0.014446937,0.069724685,0.09434518,0.049325511,-0.025202249,-0.088441863,-0.105166783,-0.069539822,-0.02883849,-0.015574378,-0.02227397,-0.009197428,0.048528501,0.143489243,0.228352507,0.262639947,0.227300452,0.118171529,0.055201857,-0.013704154,-0.083020124,-0.139663957,-0.235359355,-0.297080645,-0.299445331,-0.192508651,-0.04225029,0.096628611,0.172032384,0.150333113,0.068596777,-0.012210716,-0.04642646,-0.022681288,0.029514217,0.055195529,0.019316511,-0.039552281,-0.069976893,-0.0383723,0.029673184,0.106661811
-0.037417093,0.075781436,0.075781436,0.075781436,0.073753456,0.052979695,-0.002321636,-0.006424998,-0.017023676,-0.036962936,-0.039565437,-0.027022524,-0.007128453,0.011554542,0.008979505,0.020524705,0.020459181,0.03148477,0.049859947,0.038797827,0.033909574,0.004493757,-0.029724451,-0.061876553,-0.105158761,-0.144391015,-0.139163865,-0.092389842,-0.008402153,0.05813856,0.109776761,0.132801638,0.120779077,0.099070006,0.076066564,0.051860853,0.017917835,-0.006723601,0.011118639,0.016132663,0.017650835,0.006172554,-0.033834067,-0.055407482,-0.089634978,-0.143278805,-0.173957568,-0.15794714,-0.101819278,-0.00382346,0.083045329,0.147643323,0.168166412,0.152501232,0.101689131,0.07877468,0.04242838,0.014073984,0.014940178,0.015157772,-0.005532789,-0.00754163,-0.005478256,0.00438177,0.017355482,0.015277092,0.003147791,-0.015518997,-0.054799524,-0.090042898,-0.098852367,-0.079457934,-0.02824771,0.032372233,0.085040359,0.115356605,0.110702161,0.075400365,0.035316628,0.019644012,0.006782035,0.003515657,-0.000885462,-0.003465599,-0.047781143,-0.046672907,0.01822906,0.008597021,0.037341831,0.065280443,0.096470922,0.108852069,0.095500931,0.070265078,0.025358259,-0.003255499,0.005081354,0.038750066,0.069954323,0.083366427,0.082547156,0.060999982,0.0422401,0.010601338,-0.015989906,-0.02797032,-0.030726683,-0.021225245,-0.018192518,-0.01202554,0.043485711,0.063131083,0.063002844,0.092389465,0.142608872,0.188845223,0.210217462,0.190520561,0.141603328,0.084162826,0.050901824,0.063934714,0.099793103,0.114492167,0.096055269,0.0477439,0.002557433,-0.018343806,-0.02591317,-0.026230468,-0.021582453,-0.018335744,-0.023199135,-0.019590624,-0.017024762,-0.00645362,0.036947882,0.066539899,0.098889229,0.1119694,0.147700878,0.210798594,0.26069119,0.272785341,0.218157927,0.123221761,0.02920976,-0.02185359,0.008715433,0.061021073,0.085050903,0.053173518,-0.005824724,-0.05795391,-0.056440888,-0.026541268,0.005893401,0.028090832
0.064171505,-0.017485738,-0.017485738,-0.017485738,-0.012514984,-0.00759789,-0.006746153,0.006506315,0.018729179,0.032327975,0.034803215,0.029077584,0.013634436,-0.009309835,-0.00940085,-0.010192321,-0.0113584,0.015961697,0.008345636,0.001731963,-0.003907323,0.004611794,0.023254004,0.046018292,0.075047232,0.097212355,0.08464425,0.049126689,-0.011329924,-0.051513449,-0.053963531,-0.041725673,-0.019777875,0.000965651,0.00653335,0.005857486,0.004313557,0.008597567,0.015615071,0.011846132,0.004585746,-0.009930021,0.022111054,0.051395016,0.094086434,0.130396411,0.141602846,0.119127787,0.076278605,0.018288824,-0.014213553,-0.012166452,-0.000319786,0.022892669,0.049826724,0.065144394,0.064154896,0.040080825,0.021179638,0.013923564,0.02663694,0.034260631,0.029609472,0.013011487,0.01622472,0.009535657,0.040223085,0.068169654,0.095282636,0.113208144,0.091598618,0.046492757,0.005624681,-0.008309906,0.001951214,0.042116985,0.082315706,0.123851162,0.155584423,0.157180617,0.152671494,0.120281778,0.070632034,0.051300296,-0.08226308,-0.078991051,0.065984312,0.058385082,0.06511177,0.047135793,0.033163695,0.014729463,0.029883956,0.058513327,0.076412545,0.060550194,0.007266098,-0.062409602,-0.103877831,-0.103769502,-0.073089935,-0.015640991,0.048602526,0.104336373,0.152488294,0.175978823,0.162619472,0.144563928,0.112628988,0.078263801,0.050331126,0.096810783,0.103107456,0.081286338,0.038097237,-0.002700004,-0.02233224,0.006307987,0.042153937,0.045645535,0.002040585,-0.075957228,-0.150907634,-0.171282124,-0.144381262,-0.104121984,-0.058005943,0.008279278,0.070355502,0.130372145,0.15683328,0.153791938,0.145493826,0.116870437,0.087864168,0.030010388,0.092756503,0.133211938,0.157431017,0.144005069,0.088739194,0.019811187,-0.034062912,-0.027979462,0.017206793,0.05482042,0.039428974,-0.026370977,-0.103808324,-0.142406622,-0.125356258,-0.077101935,-0.04929985,-0.039611683,-0.002590611,0.047902473,0.091057805,0.113665108
-0.023149566,0.061488086,0.061488086,0.061488086,0.078922779,0.080661404,0.027434675,0.012374759,-0.018670516,-0.024692377,-0.025074272,-0.019842067,-0.006994337,0.000652448,0.002733881,0.001014883,-0.003738167,0.123815403,0.133503307,0.142424833,0.147972034,0.125103243,0.088429698,0.030575266,-0.009953723,-0.02959945,-0.048092001,-0.047695101,-0.036749765,-0.01704829,0.001649902,0.007535132,0.003776725,0.002166119,0.000768486,0.001459072,0.007340573,0.012101324,0.109357732,0.192519697,0.25205355,0.256231941,0.250113682,0.181629958,0.108543358,0.045596123,-0.000768651,-0.043853455,-0.05732174,-0.056811185,-0.042048934,-0.019065389,-0.003428859,0.00333354,0.010198912,0.009331237,0.010785242,0.009835688,0.003881431,0.006160006,-0.036100505,-0.005489829,0.100267178,0.222563139,0.268735727,0.26308161,0.219474084,0.138616535,0.067039257,0.006125257,-0.040844621,-0.071175603,-0.084110802,-0.085488264,-0.085861584,-0.065200758,-0.043155656,-0.024108059,-0.000141539,0.026071727,0.042566428,0.040366364,0.013379579,0.00198125,-0.050555489,-0.0540367,-0.079240935,-0.081768357,-0.003347157,0.093964903,0.13748437,0.126705952,0.082690591,0.017251014,-0.035054205,-0.057662465,-0.056374182,-0.038611776,-0.02702333,-0.03554074,-0.058233423,-0.06266539,-0.036956193,0.007150075,0.043214955,0.075435865,0.097419895,0.073795651,0.030687408,0.00688009,-0.048123997,-0.092328762,-0.129373006,-0.098132135,-0.03638407,0.003900019,-0.009323537,-0.048960864,-0.081946759,-0.092470251,-0.062447007,0.002457083,0.08113523,0.118241523,0.093546136,0.032320807,-0.0065885,-0.008068743,0.03746102,0.083357537,0.094723243,0.091236867,0.059995043,0.020656429,0.001713085,-0.029532393,-0.004465926,-0.044747697,-0.116884829,-0.170292211,-0.161941587,-0.128048321,-0.095183957,-0.093659733,-0.106468897,-0.104225046,-0.067290139,-1.71E-05,0.095159746,0.183763241,0.221199598,0.179778631,0.076305112,0.008107363,0.00769063,0.056635866,0.096893562,0.081578427
-0.021549207,0.040695455,0.040695455,0.040695455,0.04878614,0.041667501,0.002205914,0.006327586,0.013171074,0.020460739,0.014444502,0.007328612,0.000771563,-0.016948313,-0.020367355,-0.011303821,-0.004663095,0.154195886,0.170051897,0.167743928,0.140871511,0.073146703,0.036170208,0.019835337,0.010776917,0.009666098,0.018470396,0.009623644,-0.023670122,-0.056873396,-0.090200731,-0.109530633,-0.109915169,-0.088990732,-0.065992958,-0.043722986,-0.023179368,0.026339717,0.15253917,0.227909381,0.260720512,0.210660075,0.154599193,0.109892492,0.071654967,0.043512865,0.014217322,-0.025404247,-0.05897503,-0.09331403,-0.128242895,-0.152270154,-0.150249917,-0.130796346,-0.086405942,-0.042032588,-0.013733974,0.004893466,0.011826859,0.014547643,0.035670312,0.060807306,0.148219543,0.254894877,0.278423672,0.232143488,0.155502467,0.096935264,0.053566113,0.028470872,0.011463743,-0.007819694,-0.030589318,-0.055452562,-0.071126361,-0.07039561,-0.045995778,-0.004491829,0.030334044,0.06449326,0.068670505,0.052187794,0.034917427,0.004018743,-0.002884904,-0.000321397,0.061405367,0.143039609,0.206922888,0.255175791,0.225717976,0.133908525,0.028902106,-0.036053125,-0.055681293,-0.037010566,-0.007102499,0.014546247,0.017549136,0.009525742,0.015163859,0.030788427,0.054181282,0.073735229,0.100148661,0.116928894,0.111114141,0.079329551,0.030053567,0.002697755,0.057594694,0.081233381,0.170983576,0.187726326,0.168039858,0.07400424,-0.048185375,-0.127441166,-0.133643919,-0.077252031,0.008315461,0.082241205,0.120232061,0.123531518,0.114643038,0.096298471,0.082487977,0.079994149,0.074894096,0.08105093,0.091145429,0.066278413,0.028096627,-0.016674141,-0.022557473,-0.052250855,0.045776894,0.074044534,0.091121932,0.132337276,0.115888699,0.048213824,-0.067616744,-0.168770789,-0.180901703,-0.090083094,0.050882141,0.151523756,0.182689512,0.167351888,0.143685541,0.131134017,0.107904764,0.064130406,0.021373456,0.002454714,0.004940083,0.009878522
-0.111616511,-0.130642201,-0.130642201,-0.130642201,-0.139344412,-0.129208755,-0.057182815,-0.016657401,0.025480493,0.063655895,0.071231121,0.048223114,0.012662595,-0.008253736,-0.010143161,-0.01248631,-0.00997059,-0.180675186,-0.211898056,-0.215197393,-0.212079868,-0.185694638,-0.117863146,-0.031722388,0.070953978,0.132827313,0.130418709,0.082316122,0.003956863,-0.031579958,-0.038637294,-0.024789677,0.006089811,0.026351465,0.029528852,0.028924032,0.004840249,-0.010507809,-0.1454133,-0.219373756,-0.279829636,-0.277364984,-0.233270637,-0.136398931,-0.042730422,0.058571182,0.109038802,0.094512169,0.042135546,-0.02173753,-0.058112529,-0.058514799,-0.039998596,0.005050446,0.053840377,0.083311291,0.081945628,0.053936402,0.029958583,0.020885879,0.010284771,-0.025674151,-0.127567547,-0.218717202,-0.258087337,-0.252029896,-0.173051521,-0.077120681,0.013343859,0.072526984,0.071702876,0.044777351,0.019627202,-0.005456536,-0.003621454,0.013397145,0.03776923,0.071130531,0.107624621,0.127926373,0.115438513,0.086770769,0.051673015,0.024313656,0.050343687,0.051205274,0.015588293,-0.001626723,-0.077520156,-0.143686588,-0.155469525,-0.126660118,-0.054842004,0.008992384,0.044507998,0.033810408,-0.024956692,-0.070547451,-0.076658615,-0.045817406,-0.004855672,0.023639629,0.047618352,0.067468474,0.096382328,0.108312366,0.100440817,0.066857132,0.031825664,0.004002065,0.002270875,0.014215191,0.031181793,0.010500885,-0.020348934,-0.030227969,-0.004938324,0.045486141,0.07165049,0.052453915,-0.031361246,-0.125760532,-0.162649321,-0.123613705,-0.0519094,-0.004071018,0.01202969,0.01487942,0.027054924,0.063886897,0.081589403,0.07173985,0.045149653,0.013739609,-0.01186106,-0.016382545,0.025304041,0.047797186,0.067935213,0.082935872,0.100254573,0.075110276,0.055423266,0.065968292,0.081472699,0.083310935,0.006319088,-0.10707975,-0.188271985,-0.176198419,-0.073670757,0.031657958,0.068440478,0.028767749,-0.024108363,-0.027912156,0.012113552,0.054590258
0.084440053,0.152054314,0.152054314,0.152054314,0.156098544,0.128867073,0.013295993,-0.00147213,-0.038973956,-0.062569829,-0.069408911,-0.062799442,-0.020209723,0.012242655,0.018136173,0.01748911,0.010714674,0.167613391,0.202020371,0.192331932,0.179925021,0.130253412,0.064704858,0.003736333,-0.062585866,-0.110472516,-0.128080006,-0.107022162,-0.036223432,0.04340414,0.116192029,0.162012051,0.16781648,0.138240587,0.099203105,0.077596521,0.055772746,0.014087922,0.120575459,0.1938425,0.232496249,0.203354084,0.175024135,0.106160413,0.034091292,-0.034017418,-0.083154844,-0.10067558,-0.064910458,0.011253897,0.097439113,0.183211847,0.229934871,0.221157194,0.153028117,0.095190395,0.03943778,-0.005377273,-0.013810576,-0.015068385,0.007182431,0.028866088,0.105139512,0.16682736,0.191666516,0.160936112,0.115330763,0.053805627,0.01005914,-0.033025079,-0.047976614,-0.026713699,0.016151722,0.073717538,0.147883028,0.204547075,0.223857053,0.183353528,0.098562148,0.001236593,-0.053902331,-0.072199056,-0.048232514,-0.015406671,0.09105244,0.088315237,-0.024610133,-0.004055229,0.042547858,0.069789726,0.074342205,0.033171348,-0.01134736,-0.059670202,-0.081066479,-0.086796266,-0.067790225,-0.032254072,0.007772144,0.040995687,0.068758807,0.088744379,0.091935978,0.059468019,-0.007058815,-0.089980279,-0.142833966,-0.135231933,-0.068872348,-0.021540469,-0.050545003,-0.067291569,-0.062263454,-0.041585891,-0.033994016,-0.048368633,-0.078457339,-0.093382713,-0.115675578,-0.128417787,-0.121738889,-0.085634557,-0.053131065,-0.043349528,-0.052589916,-0.065539249,-0.054652958,-0.029902498,-0.024935413,-0.051166114,-0.090594627,-0.128991889,-0.114141386,-0.034604293,0.009372403,0.054594892,-0.111630688,-0.130119053,-0.131720462,-0.121296434,-0.105381067,-0.092692026,-0.085977575,-0.076436651,-0.064526256,-0.062793255,-0.070436407,-0.067769899,-0.039583393,-0.020550271,-0.025813861,-0.061752179,-0.111599011,-0.118259618,-0.075153495,-0.037845523,-0.032656209,-0.032953906
